{
  "experiment": "baseline_simple",
  "dataset": "mario",
  "separable": {
    "final_loss": 0.07453955137244694,
    "final_fidelity": 0.632869098364649,
    "total_time": 3.97446346282959,
    "n_iterations": 892
  },
  "entangled": {
    "final_loss": 4.664538188758893e-05,
    "final_fidelity": 0.8255780561416217,
    "total_time": 13.477048397064209,
    "n_iterations": 2000
  }
}