{
  "experiment": "optimizer_battle",
  "winner": "SLSQP",
  "results": {
    "COBYLA": {
      "final_loss": 0.0001755999058625779,
      "final_fidelity": 0.6076943605636109,
      "total_time": 3.8766281604766846,
      "converged": false
    },
    "Powell": {
      "final_loss": 3.5480155421874215e-05,
      "final_fidelity": 0.5987160226501107,
      "total_time": 36.265743255615234,
      "converged": false
    },
    "SLSQP": {
      "final_loss": 4.811161168272182e-05,
      "final_fidelity": 0.6320724271173087,
      "total_time": 25.209923028945923,
      "converged": true
    },
    "Nelder-Mead": {
      "final_loss": 0.012185378294612803,
      "final_fidelity": 0.6129266647898157,
      "total_time": 4.6659095287323,
      "converged": false
    }
  }
}