{
  "n_qubits": 4,
  "n_layers": 3,
  "n_params": 24,
  "backend": "ibm_torino",
  "shots": 4096,
  "simulator_fidelity": 0.8053222523279557,
  "trained_params": [
    64929678.550421074,
    11459837.865989428,
    -32515161.653157134,
    18870295.48024443,
    -17768819.92082091,
    -29907493.654273417,
    28939866.40379179,
    -6567086.655118764,
    -9888046.350945193,
    -34042489.11942781,
    9707575.904245753,
    41863901.85897433,
    -4022406.8683550623,
    -37983934.38912441,
    -25305214.64662644,
    -19735927.871972684,
    3268183.231142581,
    23167777.560978416,
    23294877.49833562,
    13153901.368343819,
    -16464252.57982269,
    -23555178.90625422,
    16593807.546157734,
    4748000.12996152
  ],
  "hardware_fidelity": 0.7494997314213436,
  "sim_hw_fidelity": 0.9333386933559807,
  "noise_degradation": 0.055822520906612105,
  "noise_degradation_percent": 6.931699794119088,
  "hardware_probs": [
    0.06640625,
    0.15478515625,
    0.01708984375,
    0.125244140625,
    0.044921875,
    0.013916015625,
    0.0380859375,
    0.012451171875,
    0.017333984375,
    0.118408203125,
    0.033935546875,
    0.098876953125,
    0.0732421875,
    0.0087890625,
    0.083984375,
    0.092529296875
  ],
  "simulator_probs": [
    0.013916015625,
    0.101806640625,
    0.016845703125,
    0.083740234375,
    0.038818359375,
    0.013916015625,
    0.087158203125,
    0.00048828125,
    0.048583984375,
    0.165283203125,
    0.063232421875,
    0.085205078125,
    0.115966796875,
    0.018310546875,
    0.141845703125,
    0.0048828125
  ],
  "target_probs": [
    0.0018399264029438822,
    0.007543698252069918,
    0.050597976080956765,
    0.07083716651333946,
    0.052253909843606255,
    0.12897884084636616,
    0.09604415823367066,
    0.10965961361545538,
    0.10524379024839006,
    0.1046918123275069,
    0.1295308187672493,
    0.0750689972401104,
    0.04857405703771849,
    0.017847286108555658,
    0.0011039558417663294,
    0.0001839926402943882
  ],
  "timestamp": "2026-02-06T13:17:50.683899",
  "backend_info": {
    "name": "ibm_torino",
    "num_qubits": 133
  }
}